Name,Link
Linkin park,https://www.youtube.com/watch?v=eVTXPUF4Oz4&start_radio=1&list=RDQMzY60aE7hTAU
In The End (Official Video) - Linkin Park,https://www.youtube.com/watch?v=eVTXPUF4Oz4
Numb (Official Video) - Linkin Park,https://www.youtube.com/watch?v=kXYiU_JCYtU
Linkin Park - In The End (Mellen Gi & Tommee Profitt Remix),https://www.youtube.com/watch?v=WNeLUngb-Xg
Linkin Park Greatest Hits Full Album 2018 - Top 30 Linkin Park Songs of All Time,https://www.youtube.com/watch?v=7fiNt_nSB24
Heavy (Official Video) - Linkin Park (feat. Kiiara),https://www.youtube.com/watch?v=5dmQ3QWpy1Q
Linkin Park - My December (Original Version),https://www.youtube.com/watch?v=NIfSmtvob7w
One More Light (Official Video) - Linkin Park,https://www.youtube.com/watch?v=Tm8LGxTLtQk
LinKin Park Top Songs - Best Songs Of Linkin Park,https://www.youtube.com/watch?v=aavV58NxIf8
Crawling (Official Video) - Linkin Park,https://www.youtube.com/watch?v=Gd9OhYroLN0
Breaking The Habit (Official Video) - Linkin Park,https://www.youtube.com/watch?v=v2H4l9RpkwM
Linkin Park - Runaway,https://www.youtube.com/watch?v=R95KftL2H1g
Somewhere I Belong (Official Video) - Linkin Park,https://www.youtube.com/watch?v=zsCD5XCu6CM
New Divide (Official Video) - Linkin Park,https://www.youtube.com/watch?v=ysSxxIqKNN0
Live In Texas (Full) - Linkin Park,https://www.youtube.com/watch?v=7Mxg4VkkRRI
One Step Closer (Official Video) - Linkin Park,https://www.youtube.com/watch?v=4qlCC1GOwFw
Waiting For The End (Official Video) - Linkin Park,https://www.youtube.com/watch?v=5qF_qbaWt3Q
Faint (Official Video) - Linkin Park,https://www.youtube.com/watch?v=LYU-8IFcDPw
The Catalyst (Official Video) - Linkin Park,https://www.youtube.com/watch?v=51iquRYKPbs
